beat_index_est,relative_time_s,source_time_s,bar_est,beat_in_bar_est,canonical_alignment_status
1,1.439637,709.439637,1,1,UNRESOLVED
2,2.182676,710.182676,1,2,UNRESOLVED
3,2.832834,710.832834,1,3,UNRESOLVED
4,3.343673,711.343673,1,4,UNRESOLVED
5,3.993832,711.993832,2,1,UNRESOLVED
6,4.458231,712.458231,2,2,UNRESOLVED
7,5.061950,713.061950,2,3,UNRESOLVED
8,5.596009,713.596009,2,4,UNRESOLVED
9,6.176508,714.176508,3,1,UNRESOLVED
10,6.617687,714.617687,3,2,UNRESOLVED
11,7.105306,715.105306,3,3,UNRESOLVED
12,7.709025,715.709025,3,4,UNRESOLVED
13,8.173424,716.173424,4,1,UNRESOLVED
14,8.800363,716.800363,4,2,UNRESOLVED
15,9.241542,717.241542,4,3,UNRESOLVED
16,9.822041,717.822041,4,4,UNRESOLVED
17,10.332880,718.332880,5,1,UNRESOLVED
18,10.843719,718.843719,5,2,UNRESOLVED
19,11.424218,719.424218,5,3,UNRESOLVED
20,11.958277,719.958277,5,4,UNRESOLVED
21,12.631655,720.631655,6,1,UNRESOLVED
22,13.235374,721.235374,6,2,UNRESOLVED
23,13.815873,721.815873,6,3,UNRESOLVED
24,14.326712,722.326712,6,4,UNRESOLVED
25,14.907211,722.907211,7,1,UNRESOLVED
26,15.510930,723.510930,7,2,UNRESOLVED
27,16.091429,724.091429,7,3,UNRESOLVED
28,16.695147,724.695147,7,4,UNRESOLVED
29,17.252426,725.252426,8,1,UNRESOLVED
30,17.856145,725.856145,8,2,UNRESOLVED
31,18.459864,726.459864,8,3,UNRESOLVED
32,19.063583,727.063583,8,4,UNRESOLVED
33,19.667302,727.667302,9,1,UNRESOLVED
34,20.317460,728.317460,9,2,UNRESOLVED
35,20.944399,728.944399,9,3,UNRESOLVED
36,21.478458,729.478458,9,4,UNRESOLVED
37,22.082177,730.082177,10,1,UNRESOLVED
38,22.662676,730.662676,10,2,UNRESOLVED
39,23.266395,731.266395,10,3,UNRESOLVED
40,23.846893,731.846893,10,4,UNRESOLVED
41,24.427392,732.427392,11,1,UNRESOLVED
42,25.007891,733.007891,11,2,UNRESOLVED
43,25.658050,733.658050,11,3,UNRESOLVED
44,26.192109,734.192109,11,4,UNRESOLVED
45,26.749388,734.749388,12,1,UNRESOLVED
46,27.306667,735.306667,12,2,UNRESOLVED
47,27.956825,735.956825,12,3,UNRESOLVED
48,28.606984,736.606984,12,4,UNRESOLVED
49,29.210703,737.210703,13,1,UNRESOLVED
50,29.791202,737.791202,13,2,UNRESOLVED
51,30.371701,738.371701,13,3,UNRESOLVED
52,30.975420,738.975420,13,4,UNRESOLVED
53,31.555918,739.555918,14,1,UNRESOLVED
54,32.159637,740.159637,14,2,UNRESOLVED
55,32.740136,740.740136,14,3,UNRESOLVED
56,33.320635,741.320635,14,4,UNRESOLVED
57,33.901134,741.901134,15,1,UNRESOLVED
58,34.411973,742.411973,15,2,UNRESOLVED
59,35.062132,743.062132,15,3,UNRESOLVED
60,35.665850,743.665850,15,4,UNRESOLVED
61,36.246349,744.246349,16,1,UNRESOLVED
62,36.826848,744.826848,16,2,UNRESOLVED
63,37.430567,745.430567,16,3,UNRESOLVED
64,38.034286,746.034286,16,4,UNRESOLVED
65,38.614785,746.614785,17,1,UNRESOLVED
66,39.311383,747.311383,17,2,UNRESOLVED
67,39.938322,747.938322,17,3,UNRESOLVED
68,40.588481,748.588481,17,4,UNRESOLVED
69,41.145760,749.145760,18,1,UNRESOLVED
70,41.772698,749.772698,18,2,UNRESOLVED
71,42.353197,750.353197,18,3,UNRESOLVED
72,42.956916,750.956916,18,4,UNRESOLVED
73,43.537415,751.537415,19,1,UNRESOLVED
74,44.141134,752.141134,19,2,UNRESOLVED
75,44.721633,752.721633,19,3,UNRESOLVED
76,45.325351,753.325351,19,4,UNRESOLVED
77,45.836190,753.836190,20,1,UNRESOLVED
78,46.486349,754.486349,20,2,UNRESOLVED
79,47.043628,755.043628,20,3,UNRESOLVED
80,47.624127,755.624127,20,4,UNRESOLVED
81,48.181406,756.181406,21,1,UNRESOLVED
82,48.831565,756.831565,21,2,UNRESOLVED
83,49.388844,757.388844,21,3,UNRESOLVED
84,49.969342,757.969342,21,4,UNRESOLVED
85,50.549841,758.549841,22,1,UNRESOLVED
86,51.107120,759.107120,22,2,UNRESOLVED
87,51.617959,759.617959,22,3,UNRESOLVED
88,52.244898,760.244898,22,4,UNRESOLVED
89,52.848617,760.848617,23,1,UNRESOLVED
90,53.475556,761.475556,23,2,UNRESOLVED
91,54.102494,762.102494,23,3,UNRESOLVED
92,54.706213,762.706213,23,4,UNRESOLVED
93,55.333152,763.333152,24,1,UNRESOLVED
94,55.843991,763.843991,24,2,UNRESOLVED
95,56.447710,764.447710,24,3,UNRESOLVED
96,57.051429,765.051429,24,4,UNRESOLVED
97,57.724807,765.724807,25,1,UNRESOLVED
98,58.328526,766.328526,25,2,UNRESOLVED
99,58.955465,766.955465,25,3,UNRESOLVED
100,59.605624,767.605624,25,4,UNRESOLVED
101,60.209342,768.209342,26,1,UNRESOLVED
102,60.789841,768.789841,26,2,UNRESOLVED
103,61.393560,769.393560,26,3,UNRESOLVED
104,61.950839,769.950839,26,4,UNRESOLVED
105,62.531338,770.531338,27,1,UNRESOLVED
106,63.065397,771.065397,27,2,UNRESOLVED
107,63.622676,771.622676,27,3,UNRESOLVED
108,64.179955,772.179955,27,4,UNRESOLVED
109,64.760454,772.760454,28,1,UNRESOLVED
110,65.457052,773.457052,28,2,UNRESOLVED
111,66.107211,774.107211,28,3,UNRESOLVED
112,66.618050,774.618050,28,4,UNRESOLVED
113,67.175329,775.175329,29,1,UNRESOLVED
114,67.755828,775.755828,29,2,UNRESOLVED
115,68.359546,776.359546,29,3,UNRESOLVED
116,68.940045,776.940045,29,4,UNRESOLVED
117,69.520544,777.520544,30,1,UNRESOLVED
118,70.124263,778.124263,30,2,UNRESOLVED
119,70.704762,778.704762,30,3,UNRESOLVED
120,71.285261,779.285261,30,4,UNRESOLVED
121,71.842540,779.842540,31,1,UNRESOLVED
122,72.399819,780.399819,31,2,UNRESOLVED
123,72.957098,780.957098,31,3,UNRESOLVED
124,73.514376,781.514376,31,4,UNRESOLVED
125,74.071655,782.071655,32,1,UNRESOLVED
126,74.605714,782.605714,32,2,UNRESOLVED
127,75.162993,783.162993,32,3,UNRESOLVED
128,75.650612,783.650612,32,4,UNRESOLVED
129,76.231111,784.231111,33,1,UNRESOLVED
130,76.811610,784.811610,33,2,UNRESOLVED
131,77.392109,785.392109,33,3,UNRESOLVED
132,77.995828,785.995828,33,4,UNRESOLVED
133,78.692426,786.692426,34,1,UNRESOLVED
134,79.272925,787.272925,34,2,UNRESOLVED
135,79.830204,787.830204,34,3,UNRESOLVED
136,80.364263,788.364263,34,4,UNRESOLVED
137,80.991202,788.991202,35,1,UNRESOLVED
138,81.571701,789.571701,35,2,UNRESOLVED
139,82.198639,790.198639,35,3,UNRESOLVED
140,82.779138,790.779138,35,4,UNRESOLVED
141,83.359637,791.359637,36,1,UNRESOLVED
142,83.963356,791.963356,36,2,UNRESOLVED
143,84.543855,792.543855,36,3,UNRESOLVED
144,85.124354,793.124354,36,4,UNRESOLVED
145,85.728073,793.728073,37,1,UNRESOLVED
146,86.308571,794.308571,37,2,UNRESOLVED
147,86.912290,794.912290,37,3,UNRESOLVED
148,87.562449,795.562449,37,4,UNRESOLVED
149,88.142948,796.142948,38,1,UNRESOLVED
150,88.746667,796.746667,38,2,UNRESOLVED
151,89.303946,797.303946,38,3,UNRESOLVED
152,89.814785,797.814785,38,4,UNRESOLVED
153,90.372063,798.372063,39,1,UNRESOLVED
154,90.952562,798.952562,39,2,UNRESOLVED
155,91.463401,799.463401,39,3,UNRESOLVED
156,91.974240,799.974240,39,4,UNRESOLVED
157,92.554739,800.554739,40,1,UNRESOLVED
158,93.297778,801.297778,40,2,UNRESOLVED
159,93.901497,801.901497,40,3,UNRESOLVED
160,94.481995,802.481995,40,4,UNRESOLVED
161,95.155374,803.155374,41,1,UNRESOLVED
162,95.735873,803.735873,41,2,UNRESOLVED
163,96.316372,804.316372,41,3,UNRESOLVED
164,96.920091,804.920091,41,4,UNRESOLVED
165,97.663129,805.663129,42,1,UNRESOLVED
166,98.266848,806.266848,42,2,UNRESOLVED
167,98.847347,806.847347,42,3,UNRESOLVED
168,99.451066,807.451066,42,4,UNRESOLVED
169,100.031565,808.031565,43,1,UNRESOLVED
170,100.612063,808.612063,43,2,UNRESOLVED
171,101.215782,809.215782,43,3,UNRESOLVED
172,101.819501,809.819501,43,4,UNRESOLVED
173,102.469660,810.469660,44,1,UNRESOLVED
174,103.096599,811.096599,44,2,UNRESOLVED
175,103.677098,811.677098,44,3,UNRESOLVED
176,104.234376,812.234376,44,4,UNRESOLVED
177,104.814875,812.814875,45,1,UNRESOLVED
178,105.418594,813.418594,45,2,UNRESOLVED
179,105.999093,813.999093,45,3,UNRESOLVED
180,106.602812,814.602812,45,4,UNRESOLVED
181,107.369070,815.369070,46,1,UNRESOLVED
182,107.972789,815.972789,46,2,UNRESOLVED
183,108.553288,816.553288,46,3,UNRESOLVED
184,109.110567,817.110567,46,4,UNRESOLVED
185,109.737506,817.737506,47,1,UNRESOLVED
186,110.318005,818.318005,47,2,UNRESOLVED
187,110.898503,818.898503,47,3,UNRESOLVED
188,111.479002,819.479002,47,4,UNRESOLVED
189,112.082721,820.082721,48,1,UNRESOLVED
190,112.663220,820.663220,48,2,UNRESOLVED
191,113.243719,821.243719,48,3,UNRESOLVED
192,113.824218,821.824218,48,4,UNRESOLVED
193,114.404717,822.404717,49,1,UNRESOLVED
194,115.008435,823.008435,49,2,UNRESOLVED
195,115.588934,823.588934,49,3,UNRESOLVED
196,116.239093,824.239093,49,4,UNRESOLVED
197,116.889252,824.889252,50,1,UNRESOLVED
198,117.423311,825.423311,50,2,UNRESOLVED
199,117.957370,825.957370,50,3,UNRESOLVED
200,118.561088,826.561088,50,4,UNRESOLVED
201,119.118367,827.118367,51,1,UNRESOLVED
202,119.722086,827.722086,51,2,UNRESOLVED
203,120.302585,828.302585,51,3,UNRESOLVED
204,120.859864,828.859864,51,4,UNRESOLVED
205,121.440363,829.440363,52,1,UNRESOLVED
206,122.044082,830.044082,52,2,UNRESOLVED
207,122.624580,830.624580,52,3,UNRESOLVED
208,123.251519,831.251519,52,4,UNRESOLVED
209,123.832018,831.832018,53,1,UNRESOLVED
210,124.412517,832.412517,53,2,UNRESOLVED
211,124.993016,832.993016,53,3,UNRESOLVED
212,125.643175,833.643175,53,4,UNRESOLVED
213,126.200454,834.200454,54,1,UNRESOLVED
214,126.780952,834.780952,54,2,UNRESOLVED
215,127.361451,835.361451,54,3,UNRESOLVED
216,127.941950,835.941950,54,4,UNRESOLVED
217,128.522449,836.522449,55,1,UNRESOLVED
218,129.102948,837.102948,55,2,UNRESOLVED
219,129.729887,837.729887,55,3,UNRESOLVED
220,130.310385,838.310385,55,4,UNRESOLVED
221,130.844444,838.844444,56,1,UNRESOLVED
222,131.494603,839.494603,56,2,UNRESOLVED
223,132.098322,840.098322,56,3,UNRESOLVED
224,132.678821,840.678821,56,4,UNRESOLVED
225,133.189660,841.189660,57,1,UNRESOLVED
226,133.770159,841.770159,57,2,UNRESOLVED
227,134.350658,842.350658,57,3,UNRESOLVED
228,134.931156,842.931156,57,4,UNRESOLVED
229,135.488435,843.488435,58,1,UNRESOLVED
230,136.092154,844.092154,58,2,UNRESOLVED
231,136.742313,844.742313,58,3,UNRESOLVED
232,137.346032,845.346032,58,4,UNRESOLVED
233,137.926531,845.926531,59,1,UNRESOLVED
234,138.483810,846.483810,59,2,UNRESOLVED
235,139.017868,847.017868,59,3,UNRESOLVED
236,139.598367,847.598367,59,4,UNRESOLVED
237,140.202086,848.202086,60,1,UNRESOLVED
238,140.782585,848.782585,60,2,UNRESOLVED
239,141.409524,849.409524,60,3,UNRESOLVED
240,141.990023,849.990023,60,4,UNRESOLVED
241,142.500862,850.500862,61,1,UNRESOLVED
242,143.174240,851.174240,61,2,UNRESOLVED
243,143.708299,851.708299,61,3,UNRESOLVED
244,144.265578,852.265578,61,4,UNRESOLVED
245,144.846077,852.846077,62,1,UNRESOLVED
246,145.426576,853.426576,62,2,UNRESOLVED
247,146.007075,854.007075,62,3,UNRESOLVED
248,146.587574,854.587574,62,4,UNRESOLVED
249,147.191293,855.191293,63,1,UNRESOLVED
250,147.771791,855.771791,63,2,UNRESOLVED
251,148.398730,856.398730,63,3,UNRESOLVED
252,148.932789,856.932789,63,4,UNRESOLVED
253,149.536508,857.536508,64,1,UNRESOLVED
254,150.140227,858.140227,64,2,UNRESOLVED
255,150.674286,858.674286,64,3,UNRESOLVED
256,151.254785,859.254785,64,4,UNRESOLVED
257,151.835283,859.835283,65,1,UNRESOLVED
258,152.415782,860.415782,65,2,UNRESOLVED
259,152.973061,860.973061,65,3,UNRESOLVED
260,153.576780,861.576780,65,4,UNRESOLVED
261,154.157279,862.157279,66,1,UNRESOLVED
262,154.714558,862.714558,66,2,UNRESOLVED
263,155.295057,863.295057,66,3,UNRESOLVED
264,155.875556,863.875556,66,4,UNRESOLVED
265,156.456054,864.456054,67,1,UNRESOLVED
266,157.036553,865.036553,67,2,UNRESOLVED
267,157.617052,865.617052,67,3,UNRESOLVED
268,158.197551,866.197551,67,4,UNRESOLVED
269,158.801270,866.801270,68,1,UNRESOLVED
270,159.358549,867.358549,68,2,UNRESOLVED
271,159.962268,867.962268,68,3,UNRESOLVED
272,160.542766,868.542766,68,4,UNRESOLVED
273,161.146485,869.146485,69,1,UNRESOLVED
274,161.726984,869.726984,69,2,UNRESOLVED
275,162.307483,870.307483,69,3,UNRESOLVED
276,162.887982,870.887982,69,4,UNRESOLVED
277,163.445261,871.445261,70,1,UNRESOLVED
278,164.025760,872.025760,70,2,UNRESOLVED
279,164.629478,872.629478,70,3,UNRESOLVED
280,165.209977,873.209977,70,4,UNRESOLVED
281,165.767256,873.767256,71,1,UNRESOLVED
282,166.347755,874.347755,71,2,UNRESOLVED
283,166.928254,874.928254,71,3,UNRESOLVED
284,167.508753,875.508753,71,4,UNRESOLVED
285,168.089252,876.089252,72,1,UNRESOLVED
286,168.692971,876.692971,72,2,UNRESOLVED
287,169.227029,877.227029,72,3,UNRESOLVED
288,169.784308,877.784308,72,4,UNRESOLVED
289,170.388027,878.388027,73,1,UNRESOLVED
290,170.945306,878.945306,73,2,UNRESOLVED
291,171.525805,879.525805,73,3,UNRESOLVED
292,172.106304,880.106304,73,4,UNRESOLVED
293,172.686803,880.686803,74,1,UNRESOLVED
294,173.267302,881.267302,74,2,UNRESOLVED
295,173.940680,881.940680,74,3,UNRESOLVED
296,174.521179,882.521179,74,4,UNRESOLVED
297,175.101678,883.101678,75,1,UNRESOLVED
298,175.682177,883.682177,75,2,UNRESOLVED
299,176.262676,884.262676,75,3,UNRESOLVED
300,176.843175,884.843175,75,4,UNRESOLVED
301,177.423673,885.423673,76,1,UNRESOLVED
302,178.004172,886.004172,76,2,UNRESOLVED
303,178.561451,886.561451,76,3,UNRESOLVED
304,179.072290,887.072290,76,4,UNRESOLVED
305,179.652789,887.652789,77,1,UNRESOLVED
306,180.256508,888.256508,77,2,UNRESOLVED
307,180.837007,888.837007,77,3,UNRESOLVED
308,181.394286,889.394286,77,4,UNRESOLVED
309,181.998005,889.998005,78,1,UNRESOLVED
310,182.578503,890.578503,78,2,UNRESOLVED
311,183.228662,891.228662,78,3,UNRESOLVED
312,183.739501,891.739501,78,4,UNRESOLVED
313,184.389660,892.389660,79,1,UNRESOLVED
314,184.970159,892.970159,79,2,UNRESOLVED
315,185.527438,893.527438,79,3,UNRESOLVED
316,186.038277,894.038277,79,4,UNRESOLVED
317,186.688435,894.688435,80,1,UNRESOLVED
318,187.268934,895.268934,80,2,UNRESOLVED
319,187.779773,895.779773,80,3,UNRESOLVED
320,188.360272,896.360272,80,4,UNRESOLVED
321,189.010431,897.010431,81,1,UNRESOLVED
322,189.590930,897.590930,81,2,UNRESOLVED
323,190.078549,898.078549,81,3,UNRESOLVED
324,190.659048,898.659048,81,4,UNRESOLVED
325,191.216327,899.216327,82,1,UNRESOLVED
326,191.796825,899.796825,82,2,UNRESOLVED
327,192.377324,900.377324,82,3,UNRESOLVED
328,192.957823,900.957823,82,4,UNRESOLVED
329,193.515102,901.515102,83,1,UNRESOLVED
330,194.095601,902.095601,83,2,UNRESOLVED
331,194.676100,902.676100,83,3,UNRESOLVED
332,195.279819,903.279819,83,4,UNRESOLVED
333,195.837098,903.837098,84,1,UNRESOLVED
334,196.417596,904.417596,84,2,UNRESOLVED
335,197.067755,905.067755,84,3,UNRESOLVED
336,197.671474,905.671474,84,4,UNRESOLVED
337,198.275193,906.275193,85,1,UNRESOLVED
338,198.832472,906.832472,85,2,UNRESOLVED
339,199.412971,907.412971,85,3,UNRESOLVED
340,199.993469,907.993469,85,4,UNRESOLVED
341,200.573968,908.573968,86,1,UNRESOLVED
342,201.131247,909.131247,86,2,UNRESOLVED
343,201.711746,909.711746,86,3,UNRESOLVED
344,202.245805,910.245805,86,4,UNRESOLVED
345,202.826304,910.826304,87,1,UNRESOLVED
346,203.383583,911.383583,87,2,UNRESOLVED
347,203.964082,911.964082,87,3,UNRESOLVED
348,204.567800,912.567800,87,4,UNRESOLVED
349,205.194739,913.194739,88,1,UNRESOLVED
350,205.775238,913.775238,88,2,UNRESOLVED
351,206.286077,914.286077,88,3,UNRESOLVED
352,206.843356,914.843356,88,4,UNRESOLVED
353,207.493515,915.493515,89,1,UNRESOLVED
354,208.074014,916.074014,89,2,UNRESOLVED
355,208.561633,916.561633,89,3,UNRESOLVED
356,209.142132,917.142132,89,4,UNRESOLVED
357,209.722630,917.722630,90,1,UNRESOLVED
358,210.326349,918.326349,90,2,UNRESOLVED
359,210.883628,918.883628,90,3,UNRESOLVED
360,211.464127,919.464127,90,4,UNRESOLVED
361,212.044626,920.044626,91,1,UNRESOLVED
362,212.694785,920.694785,91,2,UNRESOLVED
363,213.298503,921.298503,91,3,UNRESOLVED
364,213.855782,921.855782,91,4,UNRESOLVED
365,214.436281,922.436281,92,1,UNRESOLVED
366,214.947120,922.947120,92,2,UNRESOLVED
367,215.597279,923.597279,92,3,UNRESOLVED
368,216.200998,924.200998,92,4,UNRESOLVED
369,216.781497,924.781497,93,1,UNRESOLVED
370,217.338776,925.338776,93,2,UNRESOLVED
371,217.849615,925.849615,93,3,UNRESOLVED
372,218.430113,926.430113,93,4,UNRESOLVED
373,218.987392,926.987392,94,1,UNRESOLVED
374,219.637551,927.637551,94,2,UNRESOLVED
375,220.218050,928.218050,94,3,UNRESOLVED
376,220.821769,928.821769,94,4,UNRESOLVED
377,221.379048,929.379048,95,1,UNRESOLVED
378,221.959546,929.959546,95,2,UNRESOLVED
379,222.540045,930.540045,95,3,UNRESOLVED
380,223.120544,931.120544,95,4,UNRESOLVED
381,223.631383,931.631383,96,1,UNRESOLVED
382,224.211882,932.211882,96,2,UNRESOLVED
383,224.769161,932.769161,96,3,UNRESOLVED
384,225.349660,933.349660,96,4,UNRESOLVED
385,225.953379,933.953379,97,1,UNRESOLVED
386,226.533878,934.533878,97,2,UNRESOLVED
387,227.114376,935.114376,97,3,UNRESOLVED
388,227.718095,935.718095,97,4,UNRESOLVED
389,228.298594,936.298594,98,1,UNRESOLVED
390,228.879093,936.879093,98,2,UNRESOLVED
391,229.459592,937.459592,98,3,UNRESOLVED
392,230.040091,938.040091,98,4,UNRESOLVED
393,230.620590,938.620590,99,1,UNRESOLVED
394,231.224308,939.224308,99,2,UNRESOLVED
395,231.781587,939.781587,99,3,UNRESOLVED
396,232.338866,940.338866,99,4,UNRESOLVED
397,232.919365,940.919365,100,1,UNRESOLVED
398,233.499864,941.499864,100,2,UNRESOLVED
399,234.080363,942.080363,100,3,UNRESOLVED
400,234.684082,942.684082,100,4,UNRESOLVED
401,235.287800,943.287800,101,1,UNRESOLVED
402,235.937959,943.937959,101,2,UNRESOLVED
403,236.518458,944.518458,101,3,UNRESOLVED
404,237.098957,945.098957,101,4,UNRESOLVED
405,237.609796,945.609796,102,1,UNRESOLVED
406,238.190295,946.190295,102,2,UNRESOLVED
407,238.770794,946.770794,102,3,UNRESOLVED
408,239.351293,947.351293,102,4,UNRESOLVED
409,239.908571,947.908571,103,1,UNRESOLVED
410,240.489070,948.489070,103,2,UNRESOLVED
411,241.139229,949.139229,103,3,UNRESOLVED
412,241.742948,949.742948,103,4,UNRESOLVED
413,242.323447,950.323447,104,1,UNRESOLVED
414,242.903946,950.903946,104,2,UNRESOLVED
415,243.484444,951.484444,104,3,UNRESOLVED
416,244.064943,952.064943,104,4,UNRESOLVED
417,244.645442,952.645442,105,1,UNRESOLVED
418,245.179501,953.179501,105,2,UNRESOLVED
419,245.736780,953.736780,105,3,UNRESOLVED
420,246.340499,954.340499,105,4,UNRESOLVED
421,246.874558,954.874558,106,1,UNRESOLVED
422,247.571156,955.571156,106,2,UNRESOLVED
423,248.151655,956.151655,106,3,UNRESOLVED
424,248.732154,956.732154,106,4,UNRESOLVED
425,249.219773,957.219773,107,1,UNRESOLVED
426,249.777052,957.777052,107,2,UNRESOLVED
427,250.357551,958.357551,107,3,UNRESOLVED
428,250.961270,958.961270,107,4,UNRESOLVED
429,251.541769,959.541769,108,1,UNRESOLVED
430,252.122268,960.122268,108,2,UNRESOLVED
431,252.749206,960.749206,108,3,UNRESOLVED
432,253.352925,961.352925,108,4,UNRESOLVED
433,253.910204,961.910204,109,1,UNRESOLVED
434,254.513923,962.513923,109,2,UNRESOLVED
435,255.071202,963.071202,109,3,UNRESOLVED
436,255.558821,963.558821,109,4,UNRESOLVED
437,256.139320,964.139320,110,1,UNRESOLVED
438,256.789478,964.789478,110,2,UNRESOLVED
439,257.323537,965.323537,110,3,UNRESOLVED
440,257.880816,965.880816,110,4,UNRESOLVED
441,258.414875,966.414875,111,1,UNRESOLVED
442,258.879274,966.879274,111,2,UNRESOLVED
443,259.436553,967.436553,111,3,UNRESOLVED
444,259.993832,967.993832,111,4,UNRESOLVED
445,260.504671,968.504671,112,1,UNRESOLVED
446,261.061950,969.061950,112,2,UNRESOLVED
447,261.642449,969.642449,112,3,UNRESOLVED
448,262.222948,970.222948,112,4,UNRESOLVED
449,262.780227,970.780227,113,1,UNRESOLVED
450,263.383946,971.383946,113,2,UNRESOLVED
451,263.964444,971.964444,113,3,UNRESOLVED
452,264.544943,972.544943,113,4,UNRESOLVED
453,265.125442,973.125442,114,1,UNRESOLVED
454,265.705941,973.705941,114,2,UNRESOLVED
455,266.356100,974.356100,114,3,UNRESOLVED
456,266.936599,974.936599,114,4,UNRESOLVED
457,267.424218,975.424218,115,1,UNRESOLVED
458,268.004717,976.004717,115,2,UNRESOLVED
459,268.585215,976.585215,115,3,UNRESOLVED
460,269.165714,977.165714,115,4,UNRESOLVED
461,269.746213,977.746213,116,1,UNRESOLVED
462,270.326712,978.326712,116,2,UNRESOLVED
463,271.000091,979.000091,116,3,UNRESOLVED
464,271.603810,979.603810,116,4,UNRESOLVED
465,272.161088,980.161088,117,1,UNRESOLVED
466,272.764807,980.764807,117,2,UNRESOLVED
467,273.345306,981.345306,117,3,UNRESOLVED
468,273.925805,981.925805,117,4,UNRESOLVED
469,274.483084,982.483084,118,1,UNRESOLVED
470,275.017143,983.017143,118,2,UNRESOLVED
471,275.574422,983.574422,118,3,UNRESOLVED
472,276.154921,984.154921,118,4,UNRESOLVED
473,276.735420,984.735420,119,1,UNRESOLVED
474,277.315918,985.315918,119,2,UNRESOLVED
475,277.919637,985.919637,119,3,UNRESOLVED
476,278.500136,986.500136,119,4,UNRESOLVED
477,279.057415,987.057415,120,1,UNRESOLVED
478,279.637914,987.637914,120,2,UNRESOLVED
479,280.241633,988.241633,120,3,UNRESOLVED
480,280.822132,988.822132,120,4,UNRESOLVED
481,281.402630,989.402630,121,1,UNRESOLVED
482,281.983129,989.983129,121,2,UNRESOLVED
483,282.540408,990.540408,121,3,UNRESOLVED
484,283.120907,991.120907,121,4,UNRESOLVED
485,283.701406,991.701406,122,1,UNRESOLVED
486,284.281905,992.281905,122,2,UNRESOLVED
487,284.839184,992.839184,122,3,UNRESOLVED
488,285.419683,993.419683,122,4,UNRESOLVED
489,286.000181,994.000181,123,1,UNRESOLVED
490,286.580680,994.580680,123,2,UNRESOLVED
491,287.184399,995.184399,123,3,UNRESOLVED
492,287.741678,995.741678,123,4,UNRESOLVED
493,288.229297,996.229297,124,1,UNRESOLVED
494,288.740136,996.740136,124,2,UNRESOLVED
495,289.320635,997.320635,124,3,UNRESOLVED
496,289.901134,997.901134,124,4,UNRESOLVED
497,290.481633,998.481633,125,1,UNRESOLVED
498,291.085351,999.085351,125,2,UNRESOLVED
499,291.619410,999.619410,125,3,UNRESOLVED
500,292.130249,1000.130249,125,4,UNRESOLVED
501,292.710748,1000.710748,126,1,UNRESOLVED
502,293.291247,1001.291247,126,2,UNRESOLVED
503,293.848526,1001.848526,126,3,UNRESOLVED
504,294.405805,1002.405805,126,4,UNRESOLVED
505,294.986304,1002.986304,127,1,UNRESOLVED
506,295.497143,1003.497143,127,2,UNRESOLVED
507,296.077642,1004.077642,127,3,UNRESOLVED
508,296.634921,1004.634921,127,4,UNRESOLVED
509,297.215420,1005.215420,128,1,UNRESOLVED
510,297.749478,1005.749478,128,2,UNRESOLVED
511,298.353197,1006.353197,128,3,UNRESOLVED
512,299.026576,1007.026576,128,4,UNRESOLVED
513,299.746395,1007.746395,129,1,UNRESOLVED
514,300.350113,1008.350113,129,2,UNRESOLVED
515,300.930612,1008.930612,129,3,UNRESOLVED
516,301.511111,1009.511111,129,4,UNRESOLVED
517,302.114830,1010.114830,130,1,UNRESOLVED
518,302.718549,1010.718549,130,2,UNRESOLVED
519,303.299048,1011.299048,130,3,UNRESOLVED
520,303.902766,1011.902766,130,4,UNRESOLVED
521,304.506485,1012.506485,131,1,UNRESOLVED
522,305.110204,1013.110204,131,2,UNRESOLVED
523,305.690703,1013.690703,131,3,UNRESOLVED
524,306.247982,1014.247982,131,4,UNRESOLVED
525,306.805261,1014.805261,132,1,UNRESOLVED
526,307.408980,1015.408980,132,2,UNRESOLVED
527,307.943039,1015.943039,132,3,UNRESOLVED
528,308.569977,1016.569977,132,4,UNRESOLVED
529,309.266576,1017.266576,133,1,UNRESOLVED
530,309.800635,1017.800635,133,2,UNRESOLVED
531,310.381134,1018.381134,133,3,UNRESOLVED
532,311.008073,1019.008073,133,4,UNRESOLVED
533,311.681451,1019.681451,134,1,UNRESOLVED
534,312.308390,1020.308390,134,2,UNRESOLVED
535,312.912109,1020.912109,134,3,UNRESOLVED
536,313.492608,1021.492608,134,4,UNRESOLVED
537,314.096327,1022.096327,135,1,UNRESOLVED
538,314.700045,1022.700045,135,2,UNRESOLVED
539,315.303764,1023.303764,135,3,UNRESOLVED
540,315.861043,1023.861043,135,4,UNRESOLVED
541,316.371882,1024.371882,136,1,UNRESOLVED
542,316.929161,1024.929161,136,2,UNRESOLVED
543,317.532880,1025.532880,136,3,UNRESOLVED
544,318.136599,1026.136599,136,4,UNRESOLVED
545,318.717098,1026.717098,137,1,UNRESOLVED
546,319.320816,1027.320816,137,2,UNRESOLVED
547,319.901315,1027.901315,137,3,UNRESOLVED
548,320.481814,1028.481814,137,4,UNRESOLVED
549,321.062313,1029.062313,138,1,UNRESOLVED
550,321.666032,1029.666032,138,2,UNRESOLVED
551,322.269751,1030.269751,138,3,UNRESOLVED
552,322.919909,1030.919909,138,4,UNRESOLVED
553,323.453968,1031.453968,139,1,UNRESOLVED
554,324.057687,1032.057687,139,2,UNRESOLVED
555,324.614966,1032.614966,139,3,UNRESOLVED
556,325.218685,1033.218685,139,4,UNRESOLVED
557,325.799184,1033.799184,140,1,UNRESOLVED
558,326.426122,1034.426122,140,2,UNRESOLVED
559,327.006621,1035.006621,140,3,UNRESOLVED
560,327.610340,1035.610340,140,4,UNRESOLVED
561,328.190839,1036.190839,141,1,UNRESOLVED
562,328.771338,1036.771338,141,2,UNRESOLVED
563,329.467937,1037.467937,141,3,UNRESOLVED
564,330.048435,1038.048435,141,4,UNRESOLVED
565,330.652154,1038.652154,142,1,UNRESOLVED
566,331.279093,1039.279093,142,2,UNRESOLVED
567,331.859592,1039.859592,142,3,UNRESOLVED
568,332.440091,1040.440091,142,4,UNRESOLVED
569,333.020590,1041.020590,143,1,UNRESOLVED
570,333.531429,1041.531429,143,2,UNRESOLVED
571,334.111927,1042.111927,143,3,UNRESOLVED
572,334.692426,1042.692426,143,4,UNRESOLVED
573,335.389025,1043.389025,144,1,UNRESOLVED
574,335.969524,1043.969524,144,2,UNRESOLVED
575,336.573243,1044.573243,144,3,UNRESOLVED
576,337.153741,1045.153741,144,4,UNRESOLVED
577,337.734240,1045.734240,145,1,UNRESOLVED
578,338.314739,1046.314739,145,2,UNRESOLVED
579,338.825578,1046.825578,145,3,UNRESOLVED
580,339.429297,1047.429297,145,4,UNRESOLVED
581,340.009796,1048.009796,146,1,UNRESOLVED
582,340.567075,1048.567075,146,2,UNRESOLVED
583,341.170794,1049.170794,146,3,UNRESOLVED
584,341.751293,1049.751293,146,4,UNRESOLVED
585,342.331791,1050.331791,147,1,UNRESOLVED
586,342.772971,1050.772971,147,2,UNRESOLVED
587,343.283810,1051.283810,147,3,UNRESOLVED
588,343.957188,1051.957188,147,4,UNRESOLVED
589,344.537687,1052.537687,148,1,UNRESOLVED
590,345.141406,1053.141406,148,2,UNRESOLVED
591,345.698685,1053.698685,148,3,UNRESOLVED
592,346.348844,1054.348844,148,4,UNRESOLVED
593,346.906122,1054.906122,149,1,UNRESOLVED
594,347.556281,1055.556281,149,2,UNRESOLVED
595,348.090340,1056.090340,149,3,UNRESOLVED
596,348.763719,1056.763719,149,4,UNRESOLVED
597,349.297778,1057.297778,150,1,UNRESOLVED
598,349.855057,1057.855057,150,2,UNRESOLVED
599,350.435556,1058.435556,150,3,UNRESOLVED
600,350.992834,1058.992834,150,4,UNRESOLVED
601,351.550113,1059.550113,151,1,UNRESOLVED