window,center_s,pulse_est_bpm,onset_events_per_s,high_to_low_db,high_to_mid_db,rms_dbfs
0,60.0,103.36,1.3,-8.68,-5.64,-20.89
1,294.37,112.35,1.12,-15.89,-7.34,-21.18
2,528.74,123.05,0.2,-7.71,-9.34,-22.16
3,763.12,99.38,1.2,-14.71,-7.94,-21.45
4,997.49,107.67,2.02,-11.23,-11.63,-21.56
5,1231.86,136.0,1.8,-19.92,-11.09,-23.96
6,1466.23,143.55,1.73,-4.73,-5.02,-22.67
7,1700.61,143.55,2.1,-22.11,-13.22,-25.33
8,1934.98,129.2,1.82,-17.22,-16.34,-25.26
9,2169.35,123.05,0.6,-4.35,-6.25,-23.35
10,2403.72,129.2,1.55,-22.03,-15.72,-26.62
11,2638.1,129.2,0.3,-17.8,-16.34,-22.29
12,2872.47,112.35,0.85,-2.3,-1.07,-20.78
13,3106.84,112.35,1.23,-9.78,-5.94,-23.16
14,3341.21,117.45,0.35,-2.35,-4.99,-21.92
15,3575.59,161.5,1.1,-24.31,-15.88,-26.72
16,3809.96,123.05,0.68,-3.89,-3.23,-22.06
17,4044.33,117.45,1.1,-22.29,-19.43,-23.58
18,4278.7,123.05,1.6,-7.57,-0.24,-24.6
19,4513.08,129.2,0.8,-12.41,-7.7,-20.1
20,4747.45,103.36,0.53,-5.12,-5.54,-21.91
21,4981.82,107.67,0.9,-17.1,-7.86,-21.74
22,5216.19,99.38,1.48,-21.35,-20.99,-22.08
23,5450.57,152.0,1.2,-9.64,-9.5,-21.91
24,5684.94,172.27,1.12,-9.3,-11.37,-22.22
25,5919.31,99.38,1.27,-11.35,-9.87,-20.2
26,6153.68,99.38,1.18,-0.42,-7.14,-21.73
27,6388.06,117.45,0.6,2.49,-6.02,-21.57
