segment,start_s,end_s,duration_s,pulse_periodicity_bpm,onset_rate_per_s,rms_dbfs,percussive_high_mid_db,percussive_low_mid_db,notes
1,0.00,179.83,179.83,104.17,7.35,-21.51,-4.88,2.67,"candidate track-like region; pulse estimate may be half-time"
2,179.83,360.98,181.15,117.19,6.62,-21.65,-6.19,6.12,"stronger low-band percussive energy"
3,360.98,529.14,168.16,110.29,3.30,-21.31,-2.47,-0.84,"lower detected onset density"
4,529.14,741.98,212.83,133.93,6.07,-20.38,-11.34,-1.66,"denser percussive surface"
5,741.98,929.94,187.96,104.17,7.28,-20.53,-6.73,5.47,"active onset field; low-band present"
6,929.94,1110.59,180.65,104.17,7.87,-21.46,-9.83,1.71,"high onset density"
7,1110.59,1860.52,749.93,133.93,6.27,-23.21,-8.85,1.94,"multiple internal tracks likely; no robust silence boundary"
8,1860.52,2447.50,586.98,125.00,4.28,-24.17,-8.74,2.77,"multiple internal tracks likely"
9,2447.50,2848.89,401.39,125.00,4.25,-23.83,-13.06,0.67,"multiple internal tracks likely"
10,2848.89,3139.99,291.10,110.29,5.95,-23.33,-6.69,3.98,"track-like region"
11,3139.99,3705.00,565.01,117.19,4.02,-25.97,-1.69,3.76,"multiple internal tracks likely"
12,3705.00,3897.01,192.01,133.93,3.37,-22.44,-1.94,-3.58,"lower low-band ratio"
13,3897.01,4087.29,190.28,117.19,3.47,-21.95,-9.55,-1.01,"track-like region"
14,4087.29,4630.39,543.10,125.00,6.63,-25.33,-2.37,6.68,"multiple internal tracks likely; strong low-band percussive ratio"
15,4630.39,4810.23,179.84,104.17,4.45,-22.51,-6.11,-1.86,"track-like region"
16,4810.23,5179.19,368.96,156.25,6.30,-22.55,-7.01,9.90,"faster periodicity regime; strong low-band percussive ratio"
17,5179.19,5360.82,181.64,104.17,6.22,-19.68,-17.37,-3.07,"louder region; high band relatively reduced"
18,5360.82,5553.64,192.81,133.93,5.50,-23.95,-3.38,0.18,"track-like region"
19,5553.64,5722.50,168.86,156.25,7.15,-21.86,-4.43,-0.89,"faster periodicity, high event activity"
20,5722.50,6062.96,340.46,104.17,6.02,-22.07,-4.61,0.51,"multiple internal tracks possible"
21,6062.96,6252.89,189.93,144.23,7.27,-21.54,-10.51,1.26,"faster periodicity, high event activity"
22,6252.89,6444.74,191.85,104.17,4.30,-21.98,-3.67,-4.49,"final track-like region"
