track,start_s,end_s,duration_s,tempo_periodicity_bpm,onset_events_per_s,perc_harm_energy_ratio,rms_med_db,rms_std_db,early_onset_rate,mid_onset_rate,late_onset_rate
1,0.000,413.736,413.736,86.133,4.656,0.405,-19.331,4.275,6.45,6.60,6.55
2,413.736,708.497,294.761,117.454,3.244,0.148,-21.800,4.660,3.20,5.50,5.00
3,708.497,1067.432,358.935,107.666,5.622,0.604,-21.651,2.508,6.65,9.20,7.80
4,1067.432,1392.901,325.469,129.199,3.256,0.295,-26.870,5.732,2.95,4.90,4.45
5,1392.901,1794.925,402.025,117.454,2.433,0.161,-35.464,7.817,2.55,3.15,3.00
6,1794.925,2091.993,297.068,92.285,5.833,0.772,-26.365,4.312,2.90,7.50,8.40
7,2091.993,2456.406,364.413,117.454,5.122,0.222,-24.461,4.591,6.50,7.20,5.45
8,2456.406,2763.562,307.156,117.454,3.189,0.401,-28.939,6.616,3.80,5.55,4.75
9,2763.562,3033.161,269.600,129.199,4.044,0.377,-25.377,6.736,4.70,6.30,5.70
10,3033.161,3386.568,353.406,161.499,4.611,0.114,-29.700,7.294,3.05,7.05,4.10
11,3386.568,3808.408,421.840,117.454,5.000,0.213,-20.171,4.550,4.85,5.35,8.15
12,3808.408,4022.177,213.769,117.454,4.733,0.156,-24.706,4.924,6.05,6.75,5.75
13,4022.177,4319.049,296.872,107.666,2.533,0.501,-31.634,8.364,3.10,4.95,4.45
14,4319.049,4602.681,283.632,117.454,3.944,0.512,-28.985,6.224,4.75,6.10,5.75
15,4602.681,4974.724,372.043,92.285,4.322,0.187,-24.336,6.355,8.05,5.75,8.10
16,4974.724,5170.777,196.053,92.285,5.122,0.682,-25.205,3.600,6.32,7.29,6.53
17,5170.777,5365.628,194.852,92.285,4.022,0.157,-23.263,5.290,5.03,7.18,1.54
18,5365.628,5855.296,489.668,92.285,4.444,0.574,-22.521,3.957,4.40,7.45,6.55
19,5855.296,6059.602,204.306,86.133,3.522,0.478,-27.677,4.958,5.30,5.85,1.25
20,6059.602,6403.441,343.839,161.499,4.667,0.547,-19.363,4.696,4.95,7.60,7.70
21,6403.441,6662.856,259.415,129.199,3.967,0.204,-29.184,6.899,5.50,7.15,4.80
22,6662.856,6949.490,286.635,143.555,2.978,0.418,-25.860,7.255,3.50,5.40,2.45
23,6949.490,7371.417,421.927,143.555,3.789,0.171,-25.871,5.079,6.55,6.00,5.25
24,7371.417,7717.956,346.539,86.133,3.211,0.519,-23.811,6.011,4.90,4.40,7.45
